seed,n_tasks,sum_auc_top10,sum_final_top10,mean_auc_top10,mean_final_top10,max_oracle_calls,freq_log,missing_tasks
0,23,17.829841855450073,18.725970500570178,0.775210515454351,0.8141726304595729,10000,100,0
